<resources>

    <!-- Base application theme. -->
    <style name="AppTheme" parent="Theme.AppCompat.Light.NoActionBar">
        <!-- Customize your theme here. -->
        <item name="colorPrimary">@color/colorPrimary</item>
        <item name="colorPrimaryDark">@color/colorPrimaryDark</item>
        <item name="colorAccent">@color/colorAccent</item>
    </style>
  <style name="Theme.Dialog" parent="Theme.AppCompat.Light.Dialog">
    <item name="android:colorAccent">#2196F3</item>
    <item name="android:colorPrimary">#000000</item>
  </style>
</resources>
